DDS_TRADETIME,DDSSWAPS_TRADETIME,ISIN,PRICE,DKSW30,DKSW10,DKSW5,DKSW2,FUT_BUND,FUT_BOBL,FUT_SCHATZ
2020-08-27 09:26:37,2020-08-27 09:26:37,"DK0009397739",99.374972,0.20804,0.036176,-0.139982,-0.152628,176.284668,134.79649,112.026714
2020-08-27 09:27:13,2020-08-27 09:27:13,"DK0009294928",102.245346,0.207215,0.035316,-0.14033,-0.15274,176.284668,134.78649,112.026714
2020-08-27 09:31:07,2020-08-27 09:31:07,"DK0004613346",98.074988,0.20653,0.034444,-0.140639,-0.152737,176.284668,134.78649,112.036713
2020-08-27 09:31:43,2020-08-27 09:31:43,"DK0009524431",99.249972,0.205092,0.033447,-0.141209,-0.153908,176.284668,134.78649,112.036713
2020-08-27 09:31:45,2020-08-27 09:31:45,"DK0009524431",99.249972,0.205257,0.033447,-0.141279,-0.153908,176.284668,134.78649,112.036713
2020-08-27 09:34:48,2020-08-27 09:34:48,"DK0009522302",100.135945,0.205739,0.034024,-0.141234,-0.153924,176.244668,134.766489,112.036713
2020-08-27 09:36:04,2020-08-27 09:36:04,"DK0002038587",100.190002,0.204241,0.032597,-0.142806,-0.153803,176.244668,134.766489,112.036713
2020-08-27 09:37:17,2020-08-27 09:37:17,"DK0002046176",96.925017,0.205347,0.033777,-0.141432,-0.153899,176.224669,134.766489,112.036713
2020-08-27 09:37:34,2020-08-27 09:37:34,"DK0002038587",100.190002,0.205758,0.033777,-0.14138,-0.153708,176.224669,134.766489,112.036713
2020-08-27 09:38:59,2020-08-27 09:38:59,"DK0002041532",100.360001,0.207201,0.035395,-0.141156,-0.153747,176.234668,134.78649,112.036713
2020-08-27 10:06:34,2020-08-27 10:06:34,"DK0004612454",100,0.201016,0.03221,-0.143747,-0.153269,176.324669,134.79649,112.026714
2020-08-27 10:06:59,2020-08-27 10:06:59,"DK0002044718",99.399972,0.200988,0.03198,-0.142643,-0.153305,176.324669,134.79649,112.026714
2020-08-27 10:07:57,2020-08-27 10:07:57,"DK0009527293",99.225006,0.198957,0.03025,-0.143778,-0.153698,176.314668,134.79649,112.026714
2020-08-27 10:22:56,2020-08-27 10:22:56,"DK0009512857",100.416416,0.199802,0.031868,-0.14334,-0.153491,176.294668,134.78649,112.026714
2020-08-28 12:01:19,2020-08-28 12:01:19,"DK0002044551",99.825001,0.267903,0.079421,-0.122636,-0.145898,175.474478,134.656489,112.016713
2020-08-28 12:03:57,2020-08-28 12:03:57,"DK0009923997",101.875793,0.270526,0.081855,-0.119888,-0.145193,175.514478,134.666489,112.016713
2020-08-28 12:04:50,2020-08-28 12:04:50,"DK0009524787",100.550003,0.269917,0.081366,-0.119865,-0.145051,175.524478,134.666489,112.016713
2020-08-28 12:05:44,2020-08-28 12:05:44,"DK0002044551",99.825001,0.270424,0.082232,-0.120276,-0.145284,175.544478,134.666489,112.016713
2020-08-28 12:06:59,2020-08-28 12:06:59,"DK0002044551",99.825001,0.271263,0.082719,-0.118845,-0.14548,175.544478,134.666489,112.016713
2020-08-28 12:07:22,2020-08-28 12:07:22,"DK0009527376",98.149969,0.271219,0.082887,-0.118805,-0.145731,175.524478,134.666489,112.016713
2020-08-28 12:11:25,2020-08-28 12:11:25,"DK0009522815",99.725,0.272539,0.082879,-0.120758,-0.146079,175.544478,134.666489,112.016713
2020-08-28 12:12:23,2020-08-28 12:12:23,"DK0009522815",99.725,0.272702,0.083184,-0.120647,-0.146059,175.544478,134.666489,112.016713
2020-08-28 13:12:48,2020-08-28 13:12:48,"DK0002044635",98.825007,0.275073,0.08054,-0.123928,-0.145987,175.584477,134.71649,112.026714
2020-08-28 13:23:44,2020-08-28 13:23:44,"DK0009524431",99.02497,0.274656,0.079388,-0.125592,-0.148409,175.654479,134.71649,112.026714
2020-08-28 09:07:11,2020-08-28 09:07:11,"DK0002032119",100.214009,0.287079,0.095731,-0.110472,-0.140218,175.224478,134.556489,111.986713
2020-08-28 09:07:59,2020-08-28 09:07:59,"DK0009526139",106.085605,0.288043,0.096652,-0.109718,-0.140067,175.204479,134.566489,111.986713
2020-08-28 09:12:52,2020-08-28 09:12:52,"DK0002032119",100.214009,0.291378,0.098515,-0.109249,-0.140453,175.224478,134.576489,112.006713
2020-08-28 09:25:07,2020-08-28 09:25:07,"DK0009296469",105.601254,0.296242,0.102927,-0.103881,-0.139456,175.304479,134.60649,112.006713
2020-08-28 09:27:59,2020-08-28 09:27:59,"DK0004612454",99.7,0.291694,0.098302,-0.106304,-0.140197,175.334477,134.60649,112.006713
2020-08-28 10:07:11,2020-08-28 10:07:11,"DK0002032119",100.214009,0.292741,0.097942,-0.112802,-0.140753,175.524478,134.666489,112.016713
2020-08-28 10:07:59,2020-08-28 10:07:59,"DK0009526139",106.131644,0.297096,0.098804,-0.111875,-0.140285,175.524478,134.666489,112.016713
2020-08-28 10:12:52,2020-08-28 10:12:52,"DK0002032119",100.214009,0.296746,0.099175,-0.112516,-0.139903,175.574478,134.656489,112.006713
2020-08-28 10:27:44,2020-08-28 10:27:44,"DK0009525321",95.825011,0.285486,0.090707,-0.11455,-0.139229,175.544478,134.646489,112.006713
2020-08-28 10:32:00,2020-08-28 10:32:00,"DK0009397739",99.14997,0.28386,0.089431,-0.11638,-0.140245,175.524478,134.656489,112.016713
2020-08-28 10:33:59,2020-08-28 10:33:59,"DK0009525321",95.825011,0.279366,0.086202,-0.12013,-0.143056,175.514478,134.656489,112.016713
2020-08-28 10:40:22,2020-08-28 10:40:22,"DK0009397739",99.14997,0.276774,0.08318,-0.12214,-0.144216,175.584477,134.68649,112.006713
2020-08-28 10:40:25,2020-08-28 10:40:25,"DK0009397739",99.14997,0.276969,0.083325,-0.12214,-0.144167,175.584477,134.68649,112.006713
2020-08-28 10:58:59,2020-08-28 10:58:59,"DK0002047307",98.199969,0.273481,0.079761,-0.122678,-0.145536,175.524478,134.646489,112.016713
2020-08-28 11:05:40,2020-08-28 11:05:40,"DK0009524944",98.025,0.273667,0.081226,-0.121783,-0.145073,175.494478,134.62649,112.016713
2020-08-28 11:05:58,2020-08-28 11:05:58,"DK0006348164",99.675007,0.273853,0.081171,-0.121563,-0.145,175.494478,134.62649,112.016713
2020-08-28 11:06:31,2020-08-28 11:06:31,"DK0004612025",101.075046,0.273572,0.081214,-0.121557,-0.145103,175.504479,134.646489,112.016713
2020-08-28 11:07:24,2020-08-28 11:07:24,"DK0009397499",100.260002,0.271937,0.079851,-0.121403,-0.14518,175.474478,134.646489,112.016713
2020-08-28 11:07:59,2020-08-28 11:07:59,"DK0009524431",99.02497,0.271662,0.080018,-0.121589,-0.144967,175.474478,134.646489,112.016713
2020-08-28 11:07:59,2020-08-28 11:07:59,"DK0009397499",100.260002,0.271662,0.080018,-0.121589,-0.144967,175.474478,134.646489,112.016713
2020-08-28 11:08:10,2020-08-28 11:08:10,"DK0006348677",98.700004,0.271605,0.079838,-0.121327,-0.144971,175.474478,134.646489,112.016713
2020-08-28 11:28:54,2020-08-28 11:28:54,"DK0009297434",103.25,0.269787,0.08102,-0.121647,-0.146004,175.574478,134.676489,112.006713
2020-08-28 11:40:59,2020-08-28 11:40:59,"DK0009297194",103.925016,0.266775,0.078786,-0.12441,-0.14608,175.544478,134.666489,112.006713
2020-08-28 11:44:59,2020-08-28 11:44:59,"DK0009403131",98.174969,0.266931,0.079018,-0.124126,-0.14577,175.484477,134.656489,112.016713
2020-08-28 11:44:59,2020-08-28 11:44:59,"DK0004616018",98.149969,0.266931,0.079018,-0.124126,-0.14577,175.484477,134.656489,112.016713
2020-08-28 11:48:22,2020-08-28 11:48:22,"DK0009503005",100.518045,0.267414,0.079433,-0.123967,-0.146329,175.504479,134.646489,112.006713
2020-08-28 11:50:59,2020-08-28 11:50:59,"DK0009525081",96.60001,0.265316,0.077279,-0.124267,-0.145922,175.504479,134.646489,112.006713
2020-08-28 11:50:59,2020-08-28 11:50:59,"DK0009297277",103.774993,0.265316,0.077279,-0.124267,-0.145922,175.504479,134.646489,112.006713
2020-08-28 11:53:04,2020-08-28 11:53:04,"DK0009522815",99.725,0.26418,0.076237,-0.126399,-0.14568,175.514478,134.646489,112.006713
2020-08-28 11:55:22,2020-08-28 11:55:22,"DK0009524944",98.025,0.266573,0.078079,-0.124396,-0.146868,175.484477,134.656489,112.016713
2020-08-28 11:58:45,2020-08-28 11:58:45,"DK0009397739",99.14997,0.268291,0.079647,-0.12244,-0.145699,175.484477,134.656489,112.016713
2020-08-28 11:58:59,2020-08-28 11:58:59,"DK0009397739",99.14997,0.268036,0.079781,-0.122599,-0.145835,175.484477,134.656489,112.016713
2020-08-28 12:12:07,2020-08-28 12:12:07,"DK0002044718",99.14997,0.272438,0.082992,-0.120785,-0.146238,175.544478,134.666489,112.016713
2020-08-28 12:23:03,2020-08-28 12:23:03,"DK0009391294",105.878849,0.271782,0.081125,-0.123735,-0.146899,175.584477,134.69649,112.026714
2020-08-28 12:23:34,2020-08-28 12:23:34,"DK0009391294",105.881892,0.272319,0.080956,-0.123792,-0.147257,175.574478,134.68649,112.026714
2020-08-28 12:28:54,2020-08-28 12:28:54,"DK0009297434",103.25,0.272915,0.080338,-0.124732,-0.147155,175.574478,134.68649,112.026714
2020-08-28 12:29:33,2020-08-28 12:29:33,"DK0009296469",105.649713,0.271627,0.079205,-0.125776,-0.146847,175.574478,134.69649,112.026714
2020-08-28 14:02:59,2020-08-28 14:02:59,"DK0006348677",98.725004,0.272229,0.07526,-0.12779,-0.149863,175.654479,134.69649,112.016713
2020-08-28 14:31:59,2020-08-28 14:31:59,"DK0009527376",98.149969,0.270679,0.073741,-0.131183,-0.15158,175.694478,134.70649,112.026714
2020-08-28 14:31:59,2020-08-28 14:31:59,"DK0009525081",96.60001,0.270679,0.073741,-0.131183,-0.15158,175.694478,134.70649,112.026714
2020-08-28 14:36:39,2020-08-28 14:36:39,"DK0009513822",100.18,0.267191,0.071412,-0.133042,-0.152644,175.684477,134.71649,112.026714
2020-08-28 14:39:20,2020-08-28 14:39:20,"DK0004612967",98.774969,0.26506,0.06953,-0.133992,-0.153302,175.704479,134.71649,112.026714
2020-08-28 14:41:40,2020-08-28 14:41:40,"DK0002044635",98.825007,0.268648,0.072929,-0.132535,-0.152964,175.704479,134.69649,112.016713
2020-08-28 14:41:59,2020-08-28 14:41:59,"DK0002044635",98.825007,0.268176,0.072305,-0.132576,-0.152727,175.704479,134.69649,112.016713
2020-08-28 14:43:20,2020-08-28 14:43:20,"DK0009523466",100.139999,0.268926,0.073286,-0.131404,-0.152421,175.694478,134.68649,112.016713
2020-08-28 14:44:22,2020-08-28 14:44:22,"DK0009518979",100.330002,0.268587,0.073311,-0.132007,-0.152403,175.694478,134.68649,112.016713
2020-08-28 14:46:59,2020-08-28 14:46:59,"DK0009294928",102.208963,0.267245,0.071641,-0.132359,-0.151396,175.654479,134.68649,112.026714
2020-08-28 14:55:34,2020-08-28 14:55:34,"DK0002044635",98.825007,0.268821,0.072998,-0.131667,-0.151325,175.614478,134.666489,112.026714
2020-08-28 14:55:36,2020-08-28 14:55:36,"DK0002044635",98.825007,0.268758,0.072998,-0.131754,-0.151325,175.614478,134.666489,112.026714
2020-08-28 14:58:13,2020-08-28 14:58:13,"DK0004612884",99.024971,0.267986,0.072098,-0.131816,-0.151549,175.624478,134.656489,112.026714
2020-08-28 15:21:56,2020-08-28 15:21:56,"DK0004612884",99.024971,0.271317,0.074796,-0.128063,-0.148205,175.654479,134.69649,112.026714
2020-08-28 15:27:16,2020-08-28 15:27:16,"DK0006348677",98.725004,0.268797,0.072461,-0.129606,-0.14867,175.664478,134.68649,112.016713
2020-08-28 15:27:42,2020-08-28 15:27:42,"DK0009524357",98.775,0.266938,0.071378,-0.130462,-0.148537,175.664478,134.68649,112.016713
2020-08-28 15:35:32,2020-08-28 15:35:32,"DK0009397739",99.14997,0.264473,0.070188,-0.131001,-0.149533,175.574478,134.68649,112.026714
2020-08-28 15:39:20,2020-08-28 15:39:20,"DK0004612967",98.774969,0.26452,0.070313,-0.130863,-0.150083,175.614478,134.666489,112.016713
2020-08-28 09:12:10,2020-08-28 09:12:10,"DK0002041532",100.350006,0.289492,0.097848,-0.108674,-0.140073,175.234477,134.576489,112.006713
2020-08-28 09:12:47,2020-08-28 09:12:47,"DK0004612884",98.974971,0.291295,0.098646,-0.109147,-0.140589,175.204479,134.576489,112.006713
2020-08-28 09:17:31,2020-08-28 09:17:31,"DK0002044718",99.09997,0.292667,0.099135,-0.108408,-0.139765,175.264478,134.586489,112.006713
2020-08-28 09:18:25,2020-08-28 09:18:25,"DK0004612454",99.675,0.293562,0.100139,-0.107623,-0.139821,175.284477,134.60649,112.006713
2020-08-28 09:19:48,2020-08-28 09:19:48,"DK0002044718",99.09997,0.294651,0.101329,-0.106301,-0.139586,175.294478,134.596489,112.006713
2020-08-28 09:19:51,2020-08-28 09:19:51,"DK0002044718",99.09997,0.294798,0.101329,-0.106301,-0.139619,175.294478,134.596489,112.006713
2020-08-28 09:21:04,2020-08-28 09:21:04,"DK0009397739",99.09997,0.294596,0.101303,-0.105175,-0.139391,175.304479,134.596489,112.006713
2020-08-28 10:12:53,2020-08-28 10:12:53,"DK0009296030",101.902319,0.296746,0.099175,-0.112516,-0.139951,175.574478,134.656489,112.006713
2020-08-28 10:14:54,2020-08-28 10:14:54,"DK0002047224",99.000006,0.295033,0.098383,-0.112942,-0.140229,175.554479,134.646489,112.016713
2020-08-28 10:26:22,2020-08-28 10:26:22,"DK0009522815",99.725,0.28637,0.091615,-0.114322,-0.139567,175.544478,134.646489,112.006713
2020-08-28 10:49:59,2020-08-28 10:49:59,"DK0002045798",105.895079,0.276406,0.082978,-0.121491,-0.143706,175.574478,134.656489,112.006713
2020-08-28 10:52:10,2020-08-28 10:52:10,"DK0004612967",98.749969,0.274818,0.081242,-0.122514,-0.144838,175.584477,134.68649,112.006713
2020-08-28 13:15:57,2020-08-28 13:15:57,"DK0009295818",100.518354,0.275702,0.081275,-0.122778,-0.145915,175.614478,134.71649,112.026714
2020-08-28 13:19:42,2020-08-28 13:19:42,"DK0004612454",99.725,0.272943,0.078765,-0.125619,-0.147698,175.664478,134.71649,112.026714
2020-08-28 13:23:57,2020-08-28 13:23:57,"DK0004612884",99.024971,0.274939,0.079548,-0.125388,-0.1484,175.624478,134.71649,112.026714
2020-08-28 13:24:53,2020-08-28 13:24:53,"DK0004606563",102.675005,0.275515,0.080121,-0.125527,-0.147869,175.614478,134.71649,112.026714
2020-08-28 13:32:48,2020-08-28 13:32:48,"DK0009525081",96.60001,0.280232,0.08182,-0.124921,-0.148326,175.704479,134.736489,112.016713
2020-08-28 13:32:50,2020-08-28 13:32:50,"DK0009527376",98.149969,0.280232,0.08182,-0.124921,-0.148823,175.724478,134.736489,112.016713
2020-08-28 13:41:54,2020-08-28 13:41:54,"DK0006348677",98.725004,0.282697,0.084312,-0.122242,-0.1474,175.684477,134.71649,112.016713
2020-08-28 13:42:42,2020-08-28 13:42:42,"DK0009297434",103.25,0.281539,0.083313,-0.123461,-0.147559,175.694478,134.71649,112.016713
2020-08-27 12:01:07,2020-08-27 12:01:07,"DK0009922676",104.339401,0.20294,0.035338,-0.142806,-0.153503,176.254667,134.79649,112.026714
2020-08-27 13:41:08,2020-08-27 13:41:08,"DK0002047307",98.424969,0.208621,0.03417,-0.144318,-0.154251,176.044668,134.756489,112.016713
2020-08-27 13:47:08,2020-08-27 13:47:08,"DK0009524357",99,0.205692,0.031148,-0.146512,-0.15437,175.784668,134.71649,112.006713
2020-08-27 09:34:01,2020-08-27 09:34:01,"DK0002044551",100.075001,0.204574,0.03282,-0.14253,-0.153635,176.274669,134.78649,112.036713
2020-08-27 11:57:31,2020-08-27 11:57:31,"DK0004613189",96.850018,0.203539,0.035701,-0.142143,-0.15309,176.284668,134.78649,112.026714
2020-08-28 09:20:17,2020-08-28 09:20:17,"DK0009506297",100.131551,0.294687,0.101199,-0.106484,-0.139334,175.294478,134.596489,112.006713
2020-08-28 09:25:28,2020-08-28 09:25:28,"DK0009521684",100.370003,0.295827,0.102836,-0.103792,-0.13957,175.304479,134.60649,112.006713
2020-08-28 09:28:12,2020-08-28 09:28:12,"DK0002039049",103.124997,0.291396,0.098374,-0.10684,-0.139799,175.344478,134.60649,112.006713
2020-08-28 09:28:59,2020-08-28 09:28:59,"DK0009515876",102.975,0.288626,0.095641,-0.109095,-0.140422,175.374478,134.61649,112.006713
2020-08-28 09:32:59,2020-08-28 09:32:59,"DK0002044718",99.12497,0.290404,0.09687,-0.109726,-0.14048,175.414478,134.62649,112.016713
2020-08-28 09:37:06,2020-08-28 09:37:06,"DK0004612884",99.024971,0.290398,0.096525,-0.110449,-0.140299,175.484477,134.656489,112.006713
2020-08-28 09:58:59,2020-08-28 09:58:59,"DK0009515876",102.975,0.289002,0.09758,-0.110755,-0.141084,175.564478,134.656489,112.006713
2020-08-28 10:09:37,2020-08-28 10:09:37,"DK0009399941",98.975006,0.297595,0.099355,-0.111491,-0.140308,175.574478,134.666489,112.006713
2020-08-28 10:09:59,2020-08-28 10:09:59,"DK0009399941",98.975006,0.297315,0.099377,-0.11199,-0.140287,175.584477,134.68649,112.006713
2020-08-28 10:30:28,2020-08-28 10:30:28,"DK0009525164",97.7,0.282879,0.087668,-0.116585,-0.140326,175.524478,134.656489,112.016713
2020-08-28 10:35:30,2020-08-28 10:35:30,"DK0009294928",102.234322,0.277575,0.083243,-0.120717,-0.144112,175.524478,134.656489,112.016713
2020-08-28 10:35:40,2020-08-28 10:35:40,"DK0009527293",98.950006,0.277203,0.083075,-0.121359,-0.144112,175.514478,134.656489,112.016713
2020-08-28 10:44:05,2020-08-28 10:44:05,"DK0009522815",99.725,0.276736,0.083221,-0.121711,-0.143335,175.574478,134.656489,112.006713
2020-08-28 10:58:26,2020-08-28 10:58:26,"DK0009524357",98.75,0.273512,0.079943,-0.121609,-0.145479,175.524478,134.646489,112.016713
2020-08-28 11:11:25,2020-08-28 11:11:25,"DK0009522815",99.725,0.267012,0.077129,-0.12539,-0.145821,175.514478,134.62649,112.016713
2020-08-28 11:15:45,2020-08-28 11:15:45,"DK0009524431",99.02497,0.266613,0.078599,-0.121912,-0.145719,175.524478,134.656489,112.016713
2020-08-28 11:16:35,2020-08-28 11:16:35,"DK0009524431",99.02497,0.268219,0.080258,-0.12151,-0.146011,175.524478,134.656489,112.016713
2020-08-28 11:17:10,2020-08-28 11:17:10,"DK0009524944",98.025,0.267825,0.081054,-0.120584,-0.145756,175.514478,134.656489,112.016713
2020-08-28 11:29:59,2020-08-28 11:29:59,"DK0009525164",97.7,0.270993,0.082303,-0.121264,-0.145642,175.554479,134.666489,112.006713
2020-08-28 11:30:59,2020-08-28 11:30:59,"DK0009399941",98.975006,0.270661,0.082318,-0.121613,-0.145657,175.544478,134.656489,112.006713
2020-08-28 11:31:27,2020-08-28 11:31:27,"DK0009399941",98.975006,0.270653,0.081862,-0.121552,-0.145535,175.534477,134.666489,112.006713
2020-08-28 11:31:59,2020-08-28 11:31:59,"DK0009399941",98.975006,0.270989,0.082249,-0.121562,-0.14557,175.524478,134.666489,112.006713
2020-08-28 11:55:40,2020-08-28 11:55:40,"DK0002041029",104.210888,0.266911,0.078358,-0.124249,-0.146215,175.484477,134.656489,112.016713
2020-08-28 11:57:07,2020-08-28 11:57:07,"DK0009297194",103.925016,0.267727,0.079139,-0.123392,-0.145865,175.474478,134.656489,112.016713
2020-08-28 11:57:47,2020-08-28 11:57:47,"DK0009524944",98.025,0.267887,0.079568,-0.12263,-0.145723,175.474478,134.656489,112.016713
2020-08-28 13:21:12,2020-08-28 13:21:12,"DK0009397739",99.14997,0.272781,0.07772,-0.126411,-0.148665,175.684477,134.69649,112.026714
2020-08-27 08:22:44,2020-08-27 08:22:44,"DK0009922320",188.048782,0.212699,0.040149,-0.135017,-0.153061,176.154667,134.766489,112.026714
2020-08-27 08:43:24,2020-08-27 08:43:24,"DK0009522815",99.975,0.213596,0.04101,-0.13464,-0.150743,176.174669,134.766489,112.026714
2020-08-27 08:51:17,2020-08-27 08:51:17,"DK0009513152",102.625,0.213442,0.041136,-0.134674,-0.150164,176.224669,134.756489,112.036713
2020-08-27 09:16:41,2020-08-27 09:16:41,"DK0009522146",100.360001,0.211555,0.039048,-0.137009,-0.152312,176.284668,134.78649,112.036713
2020-08-27 09:18:03,2020-08-27 09:18:03,"DK0009521254",102.224971,0.210343,0.037763,-0.137212,-0.15211,176.274669,134.78649,112.036713
2020-08-27 09:21:30,2020-08-27 09:21:30,"DK0009512857",100.416416,0.207165,0.035442,-0.13945,-0.15273,176.294668,134.78649,112.036713
2020-08-27 09:23:57,2020-08-27 09:23:57,"DK0004612884",99.249973,0.208056,0.036049,-0.140003,-0.152894,176.274669,134.79649,112.036713
2020-08-27 09:26:33,2020-08-27 09:26:33,"DK0004612454",99.975,0.20804,0.036176,-0.139982,-0.152318,176.284668,134.79649,112.026714
2020-08-27 09:32:19,2020-08-27 09:32:19,"DK0009524431",99.249972,0.205646,0.033787,-0.141258,-0.153652,176.284668,134.78649,112.036713
2020-08-27 09:33:21,2020-08-27 09:33:21,"DK0009798647",103.85,0.205555,0.033863,-0.141031,-0.15371,176.294668,134.78649,112.026714
2020-08-27 09:40:16,2020-08-27 09:40:16,"DK0004605755",100.240005,0.207601,0.035805,-0.139864,-0.153363,176.244668,134.766489,112.036713
2020-08-27 09:43:59,2020-08-27 09:43:59,"DK0009397739",99.374972,0.206026,0.034401,-0.141135,-0.152717,176.254667,134.79649,112.036713
2020-08-27 09:46:30,2020-08-27 09:46:30,"DK0002041532",100.360001,0.203608,0.031942,-0.144298,-0.153968,176.314668,134.806489,112.036713
2020-08-27 09:49:29,2020-08-27 09:49:29,"DK0009397499",100.270004,0.203581,0.031835,-0.14434,-0.153421,176.344668,134.826489,112.026714
2020-08-27 09:52:59,2020-08-27 09:52:59,"DK0002041532",100.360001,0.204202,0.033557,-0.141771,-0.153561,176.344668,134.806489,112.026714
2020-08-27 09:56:20,2020-08-27 09:56:20,"DK0009525081",96.850013,0.204359,0.035555,-0.140719,-0.153354,176.344668,134.79649,112.026714
2020-08-27 09:59:59,2020-08-27 09:59:59,"DK0004615630",100.700005,0.204495,0.036459,-0.141218,-0.153418,176.354667,134.79649,112.036713
2020-08-27 10:00:28,2020-08-27 10:00:28,"DK0002041532",100.360001,0.204408,0.035732,-0.142479,-0.154049,176.344668,134.79649,112.026714
2020-08-27 10:00:51,2020-08-27 10:00:51,"DK0009522302",100.135945,0.20547,0.036499,-0.140524,-0.153136,176.344668,134.79649,112.026714
2020-08-27 10:01:58,2020-08-27 10:01:58,"DK0009294845",100.868494,0.20547,0.036499,-0.140524,-0.153136,176.354667,134.79649,112.036713
2020-08-27 10:04:04,2020-08-27 10:04:04,"DK0002038587",100.190002,0.202216,0.03343,-0.143883,-0.153372,176.344668,134.79649,112.026714
2020-08-27 10:06:01,2020-08-27 10:06:01,"DK0002044718",99.399972,0.201951,0.03309,-0.143884,-0.153613,176.324669,134.79649,112.026714
2020-08-27 10:06:24,2020-08-27 10:06:24,"DK0009527293",99.225006,0.201016,0.032196,-0.144176,-0.15351,176.324669,134.79649,112.026714
2020-08-27 10:10:56,2020-08-27 10:10:56,"DK0004605755",100.240005,0.200466,0.031787,-0.142321,-0.152708,176.314668,134.79649,112.026714
2020-08-27 10:13:50,2020-08-27 10:13:50,"DK0002041532",100.360001,0.198018,0.030158,-0.143455,-0.15337,176.314668,134.79649,112.026714
2020-08-27 10:16:50,2020-08-27 10:16:50,"DK0009522302",100.135945,0.199001,0.030999,-0.143287,-0.153435,176.284668,134.78649,112.026714
2020-08-27 10:17:20,2020-08-27 10:17:20,"DK0009294845",100.868781,0.198808,0.03088,-0.143233,-0.152807,176.284668,134.79649,112.026714
2020-08-27 10:27:13,2020-08-27 10:27:13,"DK0009294928",102.242102,0.19788,0.030072,-0.143794,-0.153964,176.274669,134.766489,112.026714
2020-08-27 10:30:54,2020-08-27 10:30:54,"DK0009522815",100,0.199151,0.031252,-0.143288,-0.154155,176.224669,134.756489,112.026714
2020-08-27 10:31:44,2020-08-27 10:31:44,"DK0009286825",101.458696,0.198278,0.030215,-0.143469,-0.1549,176.224669,134.756489,112.026714
2020-08-27 10:33:59,2020-08-27 10:33:59,"DK0009522302",100.135945,0.199096,0.031198,-0.143955,-0.153785,176.224669,134.78649,112.026714
2020-08-27 10:35:09,2020-08-27 10:35:09,"DK0009522815",100,0.200311,0.032332,-0.142643,-0.153307,176.254667,134.78649,112.026714
2020-08-27 10:36:25,2020-08-27 10:36:25,"DK0009524001",108.436819,0.200227,0.032447,-0.145064,-0.153547,176.254667,134.78649,112.026714
2020-08-27 10:36:38,2020-08-27 10:36:38,"DK0004612454",100,0.200744,0.032761,-0.14524,-0.154153,176.254667,134.78649,112.026714
2020-08-27 10:45:28,2020-08-27 10:45:28,"DK0004616018",98.424971,0.199433,0.031642,-0.146195,-0.154284,176.254667,134.78649,112.026714
2020-08-27 10:45:29,2020-08-27 10:45:29,"DK0004613189",96.850018,0.199326,0.031551,-0.146195,-0.154284,176.254667,134.78649,112.026714
2020-08-27 10:45:30,2020-08-27 10:45:30,"DK0009525081",96.850013,0.199326,0.031551,-0.146195,-0.154284,176.254667,134.78649,112.026714
2020-08-27 10:45:32,2020-08-27 10:45:32,"DK0009527376",98.424971,0.199194,0.031439,-0.146195,-0.154284,176.254667,134.78649,112.026714
2020-08-27 10:50:14,2020-08-27 10:50:14,"DK0009523466",100.150002,0.196609,0.028897,-0.1478,-0.154386,176.224669,134.756489,112.026714
2020-08-27 10:50:59,2020-08-27 10:50:59,"DK0002041532",100.360001,0.195638,0.027658,-0.148082,-0.154828,176.224669,134.756489,112.026714
2020-08-27 10:52:30,2020-08-27 10:52:30,"DK0009294928",102.242666,0.195641,0.027767,-0.149425,-0.154545,176.244668,134.766489,112.026714
2020-08-27 10:52:50,2020-08-27 10:52:50,"DK0009523466",100.150002,0.194863,0.027414,-0.149425,-0.154371,176.224669,134.756489,112.026714
2020-08-27 10:54:59,2020-08-27 10:54:59,"DK0009524357",99.05,0.196982,0.028893,-0.147028,-0.154397,176.224669,134.756489,112.026714
2020-08-28 13:22:15,2020-08-28 13:22:15,"DK0009294845",100.864076,0.274176,0.079032,-0.125749,-0.148318,175.664478,134.69649,112.026714
2020-08-28 13:22:29,2020-08-28 13:22:29,"DK0009527376",98.149969,0.27364,0.078494,-0.126182,-0.148467,175.654479,134.69649,112.026714
2020-08-28 13:22:36,2020-08-28 13:22:36,"DK0009527376",98.149969,0.273446,0.078277,-0.126182,-0.148467,175.654479,134.69649,112.026714
2020-08-28 13:23:12,2020-08-28 13:23:12,"DK0009527376",98.149969,0.27395,0.078794,-0.126312,-0.148504,175.664478,134.71649,112.026714
2020-08-28 13:26:59,2020-08-28 13:26:59,"DK0009403131",98.174969,0.275536,0.080198,-0.126046,-0.14862,175.594478,134.71649,112.026714
2020-08-28 13:29:10,2020-08-28 13:29:10,"DK0002044122",102.199993,0.276406,0.080718,-0.126281,-0.147776,175.624478,134.71649,112.026714
2020-08-28 13:29:16,2020-08-28 13:29:16,"DK0002044122",102.199993,0.276428,0.080718,-0.126281,-0.147779,175.624478,134.71649,112.026714
2020-08-28 13:32:49,2020-08-28 13:32:49,"DK0004616281",98.950006,0.280232,0.08182,-0.124921,-0.148326,175.724478,134.736489,112.016713
2020-08-28 13:33:59,2020-08-28 13:33:59,"DK0002044635",98.825007,0.283853,0.085285,-0.122764,-0.14789,175.704479,134.736489,112.016713
2020-08-28 13:36:11,2020-08-28 13:36:11,"DK0006348164",99.675007,0.282794,0.084392,-0.123128,-0.147464,175.734477,134.726489,112.016713
2020-08-28 13:45:14,2020-08-28 13:45:14,"DK0006348750",98.97497,0.27732,0.078644,-0.125767,-0.148632,175.654479,134.71649,112.026714
2020-08-28 13:48:55,2020-08-28 13:48:55,"DK0004605672",100.5,0.276953,0.078692,-0.126754,-0.148319,175.664478,134.71649,112.026714
2020-08-28 13:49:17,2020-08-28 13:49:17,"DK0009527293",98.950006,0.276258,0.077732,-0.126838,-0.14854,175.634477,134.71649,112.026714
2020-08-28 14:03:19,2020-08-28 14:03:19,"DK0009397812",98.799989,0.273744,0.076692,-0.126518,-0.149688,175.634477,134.69649,112.016713
2020-08-28 14:12:19,2020-08-28 14:12:19,"DK0009297350",103.399998,0.275179,0.078475,-0.127629,-0.148632,175.634477,134.71649,112.026714
2020-08-28 14:20:20,2020-08-28 14:20:20,"DK0009295065",103.55541,0.270527,0.074033,-0.129979,-0.151702,175.664478,134.70649,112.026714
2020-08-28 14:22:45,2020-08-28 14:22:45,"DK0009503005",100.518354,0.270817,0.07407,-0.129588,-0.151179,175.614478,134.68649,112.026714
2020-08-28 14:23:44,2020-08-28 14:23:44,"DK0009524431",99.02497,0.271711,0.075451,-0.128365,-0.150729,175.624478,134.68649,112.026714
2020-08-28 14:25:44,2020-08-28 14:25:44,"DK0009503195",103.207547,0.273938,0.076921,-0.127399,-0.150585,175.664478,134.71649,112.026714
2020-08-28 14:25:59,2020-08-28 14:25:59,"DK0009516841",100.2,0.273869,0.076877,-0.127468,-0.150688,175.654479,134.71649,112.026714
2020-08-28 14:27:28,2020-08-28 14:27:28,"DK0009796864",103.890986,0.275201,0.078228,-0.126115,-0.150076,175.704479,134.71649,112.016713
2020-08-28 14:41:12,2020-08-28 14:41:12,"DK0009527293",98.950006,0.268237,0.072708,-0.132474,-0.15298,175.724478,134.69649,112.016713
2020-08-28 14:45:15,2020-08-28 14:45:15,"DK0002047224",99.000006,0.269216,0.07381,-0.130829,-0.152047,175.684477,134.68649,112.016713
2020-08-28 14:45:59,2020-08-28 14:45:59,"DK0009294845",100.863313,0.270529,0.075011,-0.129203,-0.151057,175.684477,134.68649,112.016713
2020-08-28 14:45:59,2020-08-28 14:45:59,"DK0002047224",99.000006,0.270529,0.075011,-0.129203,-0.151057,175.684477,134.68649,112.016713
2020-08-28 14:47:59,2020-08-28 14:47:59,"DK0002044395",100.290001,0.271454,0.075894,-0.129246,-0.150974,175.654479,134.68649,112.026714
2020-08-28 14:49:50,2020-08-28 14:49:50,"DK0009527293",98.950006,0.27146,0.075964,-0.129036,-0.151231,175.624478,134.666489,112.026714
2020-08-28 14:51:39,2020-08-28 14:51:39,"DK0002045798",105.865276,0.270812,0.074979,-0.129781,-0.150606,175.634477,134.666489,112.026714
2020-08-28 14:52:59,2020-08-28 14:52:59,"DK0002045798",105.853372,0.270643,0.074774,-0.130017,-0.151378,175.584477,134.666489,112.026714
2020-08-28 15:02:59,2020-08-28 15:02:59,"DK0009295305",106.729351,0.270667,0.074926,-0.129768,-0.149638,175.594478,134.666489,112.026714
2020-08-28 15:03:52,2020-08-28 15:03:52,"DK0009398976",96.825014,0.270931,0.075175,-0.129167,-0.149341,175.594478,134.666489,112.026714
2020-08-28 15:12:19,2020-08-28 15:12:19,"DK0009297350",103.399998,0.273963,0.076538,-0.128519,-0.150158,175.624478,134.69649,112.026714
2020-08-28 15:17:13,2020-08-28 15:17:13,"DK0004612884",99.024971,0.269723,0.073064,-0.130668,-0.149552,175.664478,134.69649,112.026714
2020-08-28 15:22:18,2020-08-28 15:22:18,"DK0030386610",100.75,0.270791,0.074399,-0.128091,-0.148582,175.654479,134.69649,112.026714
2020-08-28 15:48:39,2020-08-28 15:48:39,"DK0009527293",98.950006,0.268601,0.07445,-0.12902,-0.149539,175.564478,134.68649,112.026714
2020-08-28 16:19:38,2020-08-28 16:19:38,"DK0009923807",107.562881,0.268665,0.074264,-0.128852,-0.151563,175.614478,134.69649,112.026714
2020-08-28 16:20:44,2020-08-28 16:20:44,"DK0009923567",106.676193,0.2683,0.073882,-0.12872,-0.151936,175.614478,134.69649,112.026714
2020-08-27 12:04:32,2020-08-27 12:04:32,"DK0002046176",96.950017,0.202026,0.034272,-0.143874,-0.152707,176.284668,134.806489,112.026714
2020-08-27 11:09:47,2020-08-27 11:09:47,"DK0009526642",100.639999,0.199915,0.031928,-0.147187,-0.153891,176.224669,134.756489,112.026714
2020-08-27 12:03:51,2020-08-27 12:03:51,"DK0009295818",100.522481,0.202745,0.034777,-0.14335,-0.153207,176.284668,134.806489,112.026714
2020-08-27 12:05:05,2020-08-27 12:05:05,"DK0009514713",100.120003,0.201768,0.034435,-0.143704,-0.152441,176.284668,134.806489,112.026714
2020-08-27 12:06:27,2020-08-27 12:06:27,"DK0009295818",100.522481,0.201029,0.033392,-0.143771,-0.153271,176.284668,134.806489,112.026714
2020-08-28 11:59:23,2020-08-28 11:59:23,"DK0002042779",104.838278,0.269388,0.080835,-0.121607,-0.145785,175.484477,134.656489,112.016713
2020-08-28 12:05:39,2020-08-28 12:05:39,"DK0009526642",100.620003,0.270528,0.082232,-0.120276,-0.145284,175.544478,134.666489,112.016713
2020-08-28 12:05:40,2020-08-28 12:05:40,"DK0009524944",98.025,0.270528,0.082232,-0.120276,-0.145284,175.544478,134.666489,112.016713
2020-08-28 12:06:31,2020-08-28 12:06:31,"DK0004612025",101.075046,0.271213,0.082828,-0.118996,-0.145268,175.544478,134.666489,112.016713
2020-08-28 12:07:12,2020-08-28 12:07:12,"DK0009396921",101.100003,0.271158,0.082708,-0.118755,-0.145666,175.544478,134.666489,112.016713
2020-08-28 12:09:48,2020-08-28 12:09:48,"DK0009522815",99.725,0.26987,0.081605,-0.120656,-0.146288,175.544478,134.666489,112.016713
2020-08-28 12:10:48,2020-08-28 12:10:48,"DK0009525081",96.60001,0.271956,0.082792,-0.120497,-0.145913,175.544478,134.666489,112.016713
2020-08-28 12:10:51,2020-08-28 12:10:51,"DK0009522815",99.725,0.271956,0.082792,-0.120497,-0.145913,175.544478,134.666489,112.016713
2020-08-28 12:54:12,2020-08-28 12:54:12,"DK0009515017",102.2,0.276752,0.082886,-0.122721,-0.146238,175.594478,134.71649,112.026714
2020-08-28 13:11:59,2020-08-28 13:11:59,"DK0002044718",99.14997,0.275638,0.081064,-0.122984,-0.145929,175.594478,134.71649,112.026714
2020-08-28 09:03:13,2020-08-28 09:03:13,"DK0006345228",100.360001,0.284347,0.093184,-0.111681,-0.140765,175.274478,134.576489,111.986713
2020-08-28 09:38:25,2020-08-28 09:38:25,"DK0009518979",100.340004,0.293179,0.099305,-0.109071,-0.140008,175.514478,134.646489,112.006713
2020-08-28 12:15:21,2020-08-28 12:15:21,"DK0004616018",98.149969,0.272715,0.083077,-0.121056,-0.145686,175.524478,134.666489,112.016713
2020-08-28 12:15:45,2020-08-28 12:15:45,"DK0009524431",99.02497,0.272709,0.082957,-0.121104,-0.145925,175.544478,134.666489,112.016713
2020-08-28 12:19:59,2020-08-28 12:19:59,"DK0009527376",98.149969,0.273011,0.083269,-0.121914,-0.14597,175.594478,134.69649,112.026714
2020-08-28 12:27:18,2020-08-28 12:27:18,"DK0009397069",99.850001,0.273096,0.08082,-0.125661,-0.147105,175.574478,134.68649,112.026714
2020-08-28 12:28:59,2020-08-28 12:28:59,"DK0009397069",99.850001,0.272864,0.080238,-0.124732,-0.147155,175.584477,134.68649,112.026714
2020-08-28 12:29:09,2020-08-28 12:29:09,"DK0009522815",99.75,0.272807,0.080247,-0.12475,-0.147303,175.554479,134.68649,112.026714
2020-08-28 12:29:10,2020-08-28 12:29:10,"DK0002044122",102.199993,0.272807,0.080247,-0.12475,-0.147303,175.554479,134.68649,112.026714
2020-08-28 12:29:16,2020-08-28 12:29:16,"DK0002044122",102.199993,0.27266,0.080104,-0.124683,-0.147303,175.554479,134.68649,112.026714
2020-08-28 12:31:39,2020-08-28 12:31:39,"DK0009527293",98.975006,0.272094,0.079537,-0.123123,-0.146568,175.544478,134.666489,112.026714
2020-08-28 12:41:44,2020-08-28 12:41:44,"DK0009526485",100.260002,0.275099,0.081566,-0.123197,-0.146276,175.484477,134.666489,112.026714
2020-08-28 12:55:41,2020-08-28 12:55:41,"DK0002041029",104.223728,0.277743,0.084043,-0.121272,-0.145583,175.584477,134.71649,112.026714
2020-08-28 12:56:06,2020-08-28 12:56:06,"DK0002044635",98.825007,0.277965,0.084246,-0.121388,-0.145653,175.594478,134.71649,112.026714
2020-08-28 12:57:07,2020-08-28 12:57:07,"DK0009297194",103.925016,0.275873,0.083004,-0.121766,-0.145602,175.594478,134.71649,112.026714
2020-08-28 13:04:50,2020-08-28 13:04:50,"DK0009524787",100.540001,0.274891,0.081896,-0.122879,-0.145934,175.594478,134.68649,112.026714
2020-08-28 09:21:19,2020-08-28 09:21:19,"DK0009522815",99.675,0.293564,0.100433,-0.106324,-0.139259,175.324478,134.596489,112.006713
2020-08-28 09:21:23,2020-08-28 09:21:23,"DK0009526139",106.101897,0.293904,0.100682,-0.106457,-0.139259,175.324478,134.596489,112.006713
2020-08-28 12:29:44,2020-08-28 12:29:44,"DK0009396921",101.100003,0.271541,0.079247,-0.126029,-0.147175,175.584477,134.68649,112.026714
2020-08-28 12:31:08,2020-08-28 12:31:08,"DK0009297434",103.25,0.271615,0.07945,-0.124501,-0.146902,175.544478,134.666489,112.026714
2020-08-28 12:32:14,2020-08-28 12:32:14,"DK0004612025",101.075046,0.27306,0.080491,-0.12299,-0.14646,175.544478,134.666489,112.026714
2020-08-28 12:44:12,2020-08-28 12:44:12,"DK0009391294",105.875843,0.276274,0.082789,-0.121993,-0.145948,175.544478,134.69649,112.026714
2020-08-28 12:45:18,2020-08-28 12:45:18,"DK0009524357",98.75,0.276306,0.083177,-0.122263,-0.145571,175.544478,134.69649,112.026714
2020-08-28 12:48:22,2020-08-28 12:48:22,"DK0009503005",100.518354,0.27644,0.082086,-0.123086,-0.146142,175.574478,134.68649,112.026714
2020-08-28 12:48:30,2020-08-28 12:48:30,"DK0009515017",102.2,0.27644,0.08196,-0.123086,-0.146027,175.584477,134.68649,112.026714
2020-08-28 12:58:59,2020-08-28 12:58:59,"DK0002042779",104.840597,0.275064,0.082196,-0.121765,-0.145717,175.634477,134.726489,112.016713
2020-08-28 13:02:14,2020-08-28 13:02:14,"DK0009525081",96.62501,0.274209,0.081541,-0.122773,-0.145942,175.654479,134.726489,112.016713
2020-08-28 13:02:16,2020-08-28 13:02:16,"DK0009527376",98.174969,0.273986,0.081541,-0.122773,-0.145954,175.654479,134.726489,112.016713
2020-08-28 13:05:00,2020-08-28 13:05:00,"DK0009297434",103.25,0.274449,0.081916,-0.123053,-0.146126,175.594478,134.68649,112.026714
2020-08-28 13:08:59,2020-08-28 13:08:59,"DK0009522815",99.725,0.27684,0.0824,-0.122557,-0.146039,175.614478,134.68649,112.026714
2020-08-28 13:10:48,2020-08-28 13:10:48,"DK0009525081",96.60001,0.277171,0.081885,-0.122931,-0.14649,175.574478,134.69649,112.026714
2020-08-28 13:12:59,2020-08-28 13:12:59,"DK0009294928",102.21382,0.275301,0.080882,-0.122811,-0.146064,175.614478,134.71649,112.026714
2020-08-28 13:13:59,2020-08-28 13:13:59,"DK0002036961",102.213751,0.275769,0.081685,-0.122672,-0.145798,175.624478,134.71649,112.026714
2020-08-28 13:15:00,2020-08-28 13:15:00,"DK0009295818",100.518354,0.276356,0.081682,-0.122845,-0.146222,175.614478,134.71649,112.026714
2020-08-28 13:48:59,2020-08-28 13:48:59,"DK0006347786",100.380005,0.276617,0.078303,-0.126881,-0.148319,175.664478,134.71649,112.026714
2020-08-28 13:49:38,2020-08-28 13:49:38,"DK0009789497",107.5,0.276037,0.077644,-0.127103,-0.148521,175.624478,134.70649,112.026714
2020-08-28 13:56:16,2020-08-28 13:56:16,"DK0006347786",100.380005,0.276037,0.077542,-0.126601,-0.148549,175.694478,134.71649,112.016713
2020-08-28 13:58:00,2020-08-28 13:58:00,"DK0004605672",100.5,0.275838,0.077324,-0.126738,-0.148205,175.694478,134.71649,112.016713
2020-08-28 13:58:13,2020-08-28 13:58:13,"DK0004612884",99.024971,0.273604,0.075256,-0.127706,-0.149061,175.684477,134.71649,112.016713
2020-08-28 13:59:56,2020-08-28 13:59:56,"DK0004612884",99.024971,0.274354,0.075854,-0.127777,-0.149064,175.634477,134.71649,112.016713
2020-08-28 14:01:59,2020-08-28 14:01:59,"DK0002047224",99.000006,0.271785,0.074773,-0.128305,-0.149802,175.664478,134.726489,112.016713
2020-08-28 14:02:14,2020-08-28 14:02:14,"DK0009525081",96.60001,0.271439,0.074553,-0.128167,-0.149692,175.664478,134.69649,112.016713
2020-08-28 14:02:15,2020-08-28 14:02:15,"DK0004612884",99.024971,0.271439,0.074553,-0.128167,-0.149692,175.664478,134.69649,112.016713
2020-08-28 14:02:16,2020-08-28 14:02:16,"DK0009527376",98.149969,0.271358,0.074553,-0.128167,-0.149692,175.664478,134.69649,112.016713
2020-08-28 14:03:59,2020-08-28 14:03:59,"DK0004612967",98.774969,0.273994,0.077854,-0.12516,-0.148833,175.654479,134.69649,112.026714
2020-08-28 14:09:59,2020-08-28 14:09:59,"DK0009527293",98.950006,0.273884,0.078014,-0.127562,-0.148688,175.654479,134.69649,112.026714
2020-08-28 14:20:10,2020-08-28 14:20:10,"DK0009523466",100.139999,0.270427,0.073821,-0.13088,-0.152147,175.654479,134.70649,112.026714
2020-08-28 14:26:55,2020-08-28 14:26:55,"DK0009518979",100.330002,0.27409,0.077314,-0.127651,-0.150778,175.704479,134.69649,112.016713
2020-08-28 14:27:16,2020-08-28 14:27:16,"DK0006348677",98.725004,0.275201,0.078228,-0.126258,-0.150411,175.704479,134.71649,112.016713
2020-08-28 14:27:42,2020-08-28 14:27:42,"DK0009524357",98.775,0.275667,0.078665,-0.126271,-0.150273,175.704479,134.71649,112.016713
2020-08-28 14:30:59,2020-08-28 14:30:59,"DK0009295305",106.750501,0.272969,0.076042,-0.129625,-0.151155,175.704479,134.70649,112.026714
2020-08-28 14:30:59,2020-08-28 14:30:59,"DK0009297277",103.774993,0.272969,0.076042,-0.129625,-0.151155,175.704479,134.70649,112.026714
2020-08-28 15:43:20,2020-08-28 15:43:20,"DK0009523466",100.139999,0.26548,0.071325,-0.130617,-0.149502,175.564478,134.68649,112.026714
2020-08-28 15:43:36,2020-08-28 15:43:36,"DK0009518979",100.330002,0.265458,0.071305,-0.130683,-0.149642,175.564478,134.68649,112.026714
2020-08-28 15:44:22,2020-08-28 15:44:22,"DK0009518979",100.330002,0.266293,0.072062,-0.130701,-0.149979,175.564478,134.68649,112.026714
2020-08-28 15:45:08,2020-08-28 15:45:08,"DK0009523466",100.139999,0.266189,0.072335,-0.130769,-0.150095,175.564478,134.68649,112.026714
2020-08-28 15:55:53,2020-08-28 15:55:53,"DK0002047307",98.199969,0.272779,0.077608,-0.127866,-0.148189,175.624478,134.69649,112.026714
2020-08-27 14:40:25,2020-08-27 14:40:25,"DK0004612967",98.999969,0.223821,0.041942,-0.143779,-0.154167,175.784668,134.68649,112.006713
2020-08-27 14:45:10,2020-08-27 14:45:10,"DK0009923807",107.586731,0.239139,0.053624,-0.134027,-0.15316,175.754667,134.656489,111.996714
2020-08-27 14:47:27,2020-08-27 14:47:27,"DK0009524431",99.24997,0.245388,0.059095,-0.131906,-0.152315,175.614668,134.62649,111.996714
2020-08-27 14:58:00,2020-08-27 14:58:00,"DK0004616281",99.175006,0.246799,0.062782,-0.130205,-0.151621,175.394668,134.566489,111.996714
2020-08-27 15:02:59,2020-08-27 15:02:59,"DK0006348164",99.900007,0.247204,0.06535,-0.127646,-0.150803,175.354667,134.54649,111.996714
2020-08-27 15:03:12,2020-08-27 15:03:12,"DK0006348164",99.900007,0.246272,0.064504,-0.127868,-0.150684,175.354667,134.54649,111.996714
2020-08-27 15:03:32,2020-08-27 15:03:32,"DK0006348164",99.900007,0.245934,0.064252,-0.127782,-0.150426,175.354667,134.54649,111.996714
2020-08-27 15:05:36,2020-08-27 15:05:36,"DK0009527293",99.175006,0.245555,0.063755,-0.128764,-0.151001,175.324669,134.53649,111.996714
2020-08-27 15:05:44,2020-08-27 15:05:44,"DK0009389983",102.230711,0.245317,0.063557,-0.128933,-0.151342,175.314668,134.53649,111.996714
2020-08-27 15:11:30,2020-08-27 15:11:30,"DK0002044718",99.37497,0.237466,0.057866,-0.134429,-0.152499,175.424669,134.586489,111.996714
2020-08-27 15:12:59,2020-08-27 15:12:59,"DK0002044718",99.37497,0.232195,0.05457,-0.136682,-0.153592,175.434668,134.576489,111.986713
2020-08-27 15:15:49,2020-08-27 15:15:49,"DK0009397069",100.050001,0.23282,0.055162,-0.136421,-0.153582,175.404667,134.576489,111.996714
2020-08-27 15:25:13,2020-08-27 15:25:13,"DK0009527293",99.175006,0.244037,0.065234,-0.129753,-0.151305,175.504667,134.60649,112.006713
2020-08-27 15:32:02,2020-08-27 15:32:02,"DK0004612884",99.249971,0.237908,0.058451,-0.133891,-0.15305,175.524669,134.62649,112.006713
2020-08-27 15:42:53,2020-08-27 15:42:53,"DK0004616364",98.224979,0.239658,0.060246,-0.13165,-0.152006,175.564668,134.646489,112.006713
2020-08-27 15:42:57,2020-08-27 15:42:57,"DK0004616364",98.224979,0.239613,0.060308,-0.13196,-0.152006,175.564668,134.646489,112.006713
2020-08-27 15:47:27,2020-08-27 15:47:27,"DK0009524431",99.24997,0.250229,0.06942,-0.123861,-0.149538,175.564668,134.63649,112.006713
2020-08-27 15:50:48,2020-08-27 15:50:48,"DK0002047141",98.249979,0.25906,0.075403,-0.120079,-0.147346,175.564668,134.646489,112.006713
2020-08-27 15:50:59,2020-08-27 15:50:59,"DK0002047141",98.249979,0.258984,0.075668,-0.119947,-0.146855,175.564668,134.646489,112.006713
2020-08-27 15:54:59,2020-08-27 15:54:59,"DK0002044551",100.050001,0.270065,0.083349,-0.114981,-0.145603,175.564668,134.646489,112.006713
2020-08-27 15:55:26,2020-08-27 15:55:26,"DK0009524357",99,0.271427,0.084675,-0.113818,-0.145181,175.564668,134.646489,112.006713
2020-08-27 15:56:07,2020-08-27 15:56:07,"DK0009524357",99,0.271281,0.083917,-0.114682,-0.144788,175.544668,134.62649,112.006713
2020-08-27 16:03:20,2020-08-27 16:03:20,"DK0009524357",99,0.274302,0.084723,-0.113914,-0.143675,175.504667,134.61649,112.006713
2020-08-27 16:03:23,2020-08-27 16:03:23,"DK0004616521",100.000004,0.274122,0.084723,-0.113914,-0.143675,175.504667,134.61649,112.006713
2020-08-27 16:05:28,2020-08-27 16:05:28,"DK0009527293",99.175006,0.278432,0.088931,-0.109,-0.142178,175.504667,134.61649,112.006713
2020-08-28 13:14:31,2020-08-28 13:14:31,"DK0002044551",99.825001,0.276663,0.08193,-0.122622,-0.14603,175.624478,134.71649,112.026714
2020-08-28 13:25:18,2020-08-28 13:25:18,"DK0009403131",98.174969,0.276407,0.080819,-0.12546,-0.148252,175.624478,134.71649,112.026714
2020-08-28 13:25:21,2020-08-28 13:25:21,"DK0009403131",98.174969,0.276407,0.080734,-0.12546,-0.148252,175.624478,134.71649,112.026714
2020-08-28 13:26:04,2020-08-28 13:26:04,"DK0009516841",100.2,0.276169,0.080684,-0.125572,-0.147752,175.614478,134.71649,112.026714
2020-08-28 13:26:38,2020-08-28 13:26:38,"DK0004612108",100.410004,0.275546,0.079815,-0.126395,-0.148706,175.594478,134.71649,112.026714
2020-08-27 09:04:07,2020-08-27 09:04:07,"DK0004613189",96.825018,0.214496,0.042334,-0.134997,-0.150164,176.234668,134.766489,112.036713
2020-08-27 09:22:48,2020-08-27 09:22:48,"DK0009526139",106.241145,0.207816,0.035721,-0.14,-0.152969,176.274669,134.78649,112.036713
2020-08-27 09:25:17,2020-08-27 09:25:17,"DK0009526139",106.248564,0.207681,0.035728,-0.139915,-0.152722,176.314668,134.79649,112.026714
2020-08-27 09:27:56,2020-08-27 09:27:56,"DK0002045798",105.986414,0.207638,0.035796,-0.140098,-0.152875,176.284668,134.78649,112.036713
2020-08-27 09:28:59,2020-08-27 09:28:59,"DK0002045798",105.987157,0.206487,0.034627,-0.141007,-0.152918,176.284668,134.78649,112.036713
2020-08-27 09:33:59,2020-08-27 09:33:59,"DK0002044551",100.075001,0.204574,0.03282,-0.14253,-0.153529,176.274669,134.78649,112.036713
2020-08-27 09:40:36,2020-08-27 09:40:36,"DK0009502627",101.910919,0.207122,0.035338,-0.140803,-0.153366,176.244668,134.766489,112.036713
2020-08-27 09:47:48,2020-08-27 09:47:48,"DK0009296469",105.730644,0.203527,0.031907,-0.143406,-0.153913,176.314668,134.79649,112.036713
2020-08-27 09:57:37,2020-08-27 09:57:37,"DK0009522815",100,0.204865,0.035794,-0.141364,-0.153754,176.344668,134.79649,112.036713
2020-08-27 10:04:59,2020-08-27 10:04:59,"DK0009513582",103.3,0.202764,0.033872,-0.143756,-0.153431,176.344668,134.79649,112.026714
2020-08-27 10:08:36,2020-08-27 10:08:36,"DK0009924029",103.708923,0.199488,0.030654,-0.143706,-0.153137,176.314668,134.79649,112.026714
2020-08-27 10:10:43,2020-08-27 10:10:43,"DK0002044395",100.300003,0.200361,0.03158,-0.142259,-0.152977,176.324669,134.806489,112.026714
2020-08-27 10:15:05,2020-08-27 10:15:05,"DK0009521684",100.380005,0.198951,0.031112,-0.142931,-0.153038,176.294668,134.79649,112.026714
2020-08-27 10:24:23,2020-08-27 10:24:23,"DK0006345301",104.171299,0.199601,0.031649,-0.142815,-0.153108,176.254667,134.78649,112.026714
2020-08-27 10:28:08,2020-08-27 10:28:08,"DK0009796864",103.929088,0.197782,0.03005,-0.144256,-0.15385,176.244668,134.78649,112.026714
2020-08-27 10:28:27,2020-08-27 10:28:27,"DK0006348164",99.950007,0.198196,0.030297,-0.144145,-0.153738,176.244668,134.77649,112.026714
2020-08-27 10:30:05,2020-08-27 10:30:05,"DK0009295065",103.60173,0.199417,0.031409,-0.143114,-0.154201,176.224669,134.756489,112.026714
2020-08-27 10:39:59,2020-08-27 10:39:59,"DK0009502627",101.910434,0.199859,0.03189,-0.145347,-0.153276,176.224669,134.78649,112.026714
2020-08-27 10:40:59,2020-08-27 10:40:59,"DK0006348594",105.35509,0.199122,0.031314,-0.145638,-0.154269,176.224669,134.78649,112.026714
2020-08-27 10:41:05,2020-08-27 10:41:05,"DK0009524357",99.05,0.199122,0.031166,-0.145577,-0.153943,176.224669,134.78649,112.026714
2020-08-27 10:43:41,2020-08-27 10:43:41,"DK0009524357",99.05,0.200945,0.032901,-0.146298,-0.153373,176.254667,134.78649,112.026714
2020-08-27 10:44:11,2020-08-27 10:44:11,"DK0004612967",99.049969,0.200561,0.032653,-0.146825,-0.153306,176.254667,134.78649,112.026714
2020-08-27 11:06:45,2020-08-27 11:06:45,"DK0002046176",96.950017,0.197679,0.029988,-0.147401,-0.154525,176.254667,134.78649,112.026714
2020-08-27 11:08:30,2020-08-27 11:08:30,"DK0002047224",99.275006,0.198516,0.030799,-0.147035,-0.153995,176.244668,134.756489,112.026714
2020-08-27 11:09:02,2020-08-27 11:09:02,"DK0002047307",98.474971,0.19926,0.031613,-0.14701,-0.154109,176.224669,134.756489,112.026714
2020-08-27 11:17:34,2020-08-27 11:17:34,"DK0009397069",100.100001,0.200607,0.032963,-0.145392,-0.153446,176.274669,134.78649,112.026714
2020-08-27 11:18:16,2020-08-27 11:18:16,"DK0009526642",100.639999,0.199963,0.032133,-0.146426,-0.153188,176.274669,134.78649,112.026714
2020-08-27 11:23:07,2020-08-27 11:23:07,"DK0004615630",100.690002,0.198932,0.031213,-0.146249,-0.153477,176.284668,134.79649,112.026714
2020-08-27 11:34:53,2020-08-27 11:34:53,"DK0009503005",100.522481,0.202072,0.034533,-0.144332,-0.153033,176.314668,134.79649,112.026714
2020-08-27 11:49:35,2020-08-27 11:49:35,"DK0009524431",99.274972,0.202857,0.035005,-0.142211,-0.152641,176.314668,134.78649,112.026714
2020-08-27 11:49:48,2020-08-27 11:49:48,"DK0009525081",96.850013,0.2024,0.034467,-0.143148,-0.152482,176.294668,134.78649,112.026714
2020-08-27 12:06:48,2020-08-27 12:06:48,"DK0009514713",100.120003,0.201675,0.034054,-0.143744,-0.15237,176.284668,134.806489,112.026714
2020-08-27 12:32:41,2020-08-27 12:32:41,"DK0009527103",98.224979,0.197267,0.029308,-0.146293,-0.154013,176.294668,134.78649,112.016713
2020-08-27 12:33:59,2020-08-27 12:33:59,"DK0009503005",100.522481,0.197408,0.02972,-0.146346,-0.153686,176.244668,134.79649,112.016713
2020-08-27 12:51:59,2020-08-27 12:51:59,"DK0009514713",100.120003,0.201816,0.032593,-0.14511,-0.153903,176.314668,134.79649,112.016713
2020-08-27 12:54:59,2020-08-27 12:54:59,"DK0009514713",100.120003,0.199228,0.030745,-0.145547,-0.154493,176.244668,134.766489,112.016713
2020-08-27 13:05:05,2020-08-27 13:05:05,"DK0009514713",100.120003,0.201064,0.031272,-0.146067,-0.153835,176.154667,134.756489,112.016713
2020-08-27 13:06:48,2020-08-27 13:06:48,"DK0009514713",100.120003,0.202284,0.03139,-0.145826,-0.153831,176.154667,134.756489,112.016713
2020-08-27 13:08:09,2020-08-27 13:08:09,"DK0009296469",105.712526,0.202955,0.031827,-0.146026,-0.154327,176.134668,134.766489,112.016713
2020-08-27 13:12:02,2020-08-27 13:12:02,"DK0009526485",100.270004,0.204237,0.032739,-0.145035,-0.154516,176.344668,134.816489,112.036713
2020-08-27 13:26:40,2020-08-27 13:26:40,"DK0009523466",100.150002,0.206251,0.032718,-0.145321,-0.154266,176.314668,134.826489,112.036713
2020-08-27 13:36:33,2020-08-27 13:36:33,"DK0006347786",100.389999,0.206953,0.033356,-0.145856,-0.154015,176.114668,134.78649,112.036713
2020-08-27 13:44:58,2020-08-27 13:44:58,"DK0009294845",100.868187,0.205088,0.030467,-0.14686,-0.154486,175.954667,134.756489,112.016713
2020-08-27 13:45:00,2020-08-27 13:45:00,"DK0009503005",100.522481,0.205088,0.030547,-0.14676,-0.154486,175.894668,134.726489,112.016713
2020-08-27 13:46:11,2020-08-27 13:46:11,"DK0009502114",104.544224,0.204175,0.02969,-0.147745,-0.1545,175.754667,134.69649,112.016713
2020-08-27 13:46:16,2020-08-27 13:46:16,"DK0009295149",104.834225,0.204175,0.02969,-0.147745,-0.1545,175.744668,134.71649,112.006713
2020-08-27 13:49:59,2020-08-27 13:49:59,"DK0002039981",103.595918,0.203995,0.029375,-0.148096,-0.154781,175.814668,134.68649,112.006713
2020-08-27 13:51:59,2020-08-27 13:51:59,"DK0009294845",100.868187,0.204147,0.029836,-0.14822,-0.154682,175.724669,134.666489,112.016713
2020-08-27 14:01:59,2020-08-27 14:01:59,"DK0009503005",100.522481,0.213824,0.039293,-0.14352,-0.153095,175.804667,134.68649,112.006713
2020-08-27 14:09:19,2020-08-27 14:09:19,"DK0009527889",101.551329,0.214787,0.039416,-0.142405,-0.152589,175.814668,134.68649,112.026714
2020-08-27 14:10:15,2020-08-27 14:10:15,"DK0009525081",96.800013,0.210545,0.034918,-0.14617,-0.153682,175.784668,134.71649,112.026714
2020-08-27 14:22:28,2020-08-27 14:22:28,"DK0009502114",104.539225,0.195885,0.020598,-0.15623,-0.159153,175.724669,134.69649,112.016713
2020-08-27 14:23:26,2020-08-27 14:23:26,"DK0009294928",102.242102,0.198689,0.02357,-0.153674,-0.157738,175.734668,134.69649,112.016713
2020-08-27 14:44:58,2020-08-27 14:44:58,"DK0009294845",100.868187,0.237302,0.051835,-0.135286,-0.153537,175.744668,134.666489,111.996714
2020-08-27 14:45:00,2020-08-27 14:45:00,"DK0009503005",100.522481,0.237302,0.05173,-0.135155,-0.1535,175.744668,134.666489,111.996714
2020-08-27 14:45:59,2020-08-27 14:45:59,"DK0009502114",104.533395,0.245654,0.06026,-0.130744,-0.152565,175.684668,134.646489,111.996714
2020-08-27 14:45:59,2020-08-27 14:45:59,"DK0009295149",104.824463,0.245654,0.06026,-0.130744,-0.152565,175.684668,134.646489,111.996714
2020-08-27 14:49:42,2020-08-27 14:49:42,"DK0009524431",99.24997,0.245925,0.059196,-0.130018,-0.152077,175.544668,134.60649,111.986713
2020-08-27 14:53:39,2020-08-27 14:53:39,"DK0004610086",100.52214,0.245901,0.061963,-0.128779,-0.152383,175.434668,134.576489,111.986713
2020-08-27 15:09:55,2020-08-27 15:09:55,"DK0009923997",101.844055,0.240768,0.061178,-0.131413,-0.151887,175.384668,134.556489,111.996714
2020-08-27 15:11:38,2020-08-27 15:11:38,"DK0002044718",99.37497,0.236237,0.056863,-0.134991,-0.152864,175.424669,134.586489,111.996714
2020-08-27 15:11:38,2020-08-27 15:11:38,"DK0009523623",100.873533,0.236237,0.056863,-0.134991,-0.152864,175.424669,134.586489,111.996714
2020-08-27 15:14:23,2020-08-27 15:14:23,"DK0002047307",98.424969,0.233509,0.055469,-0.13511,-0.153526,175.394668,134.576489,111.996714
2020-08-27 15:15:16,2020-08-27 15:15:16,"DK0004616018",98.374969,0.233702,0.055936,-0.134985,-0.153439,175.394668,134.556489,111.996714
2020-08-27 15:18:14,2020-08-27 15:18:14,"DK0002046176",96.900017,0.241715,0.063124,-0.129817,-0.151869,175.454667,134.60649,112.006713
2020-08-27 15:18:42,2020-08-27 15:18:42,"DK0002046176",96.900017,0.242263,0.063544,-0.129894,-0.151559,175.464668,134.60649,112.006713
2020-08-27 15:19:27,2020-08-27 15:19:27,"DK0009524431",99.24997,0.238274,0.059588,-0.133936,-0.152839,175.474669,134.586489,112.006713
2020-08-27 15:21:59,2020-08-27 15:21:59,"DK0002047224",99.225006,0.245255,0.066453,-0.12985,-0.151489,175.474669,134.61649,112.006713
2020-08-27 15:23:59,2020-08-27 15:23:59,"DK0009527293",99.175006,0.244437,0.065511,-0.129811,-0.151509,175.524669,134.60649,112.006713
2020-08-27 15:24:59,2020-08-27 15:24:59,"DK0009524431",99.24997,0.244069,0.065482,-0.129926,-0.151429,175.524669,134.60649,112.006713
2020-08-27 16:55:59,2020-08-27 16:55:59,"DK0009527293",99.175006,0.26352,0.078172,-0.121441,-0.145699,175.504667,134.61649,112.006713
2020-08-27 10:06:03,2020-08-27 10:06:03,"DK0002044718",99.399972,0.201852,0.03301,-0.143884,-0.153613,176.324669,134.79649,112.026714
2020-08-27 12:10:15,2020-08-27 12:10:15,"DK0009923138",112.151703,0.201543,0.033974,-0.143437,-0.153599,176.314668,134.79649,112.036713
2020-08-27 08:52:49,2020-08-27 08:52:49,"DK0002044551",100.075001,0.213127,0.040864,-0.13467,-0.15009,176.214668,134.756489,112.036713
2020-08-27 08:54:59,2020-08-27 08:54:59,"DK0009397739",99.374972,0.213832,0.041352,-0.134042,-0.150514,176.184668,134.766489,112.036713
2020-08-27 09:07:19,2020-08-27 09:07:19,"DK0004605672",100.510002,0.213914,0.041105,-0.135119,-0.150504,176.274669,134.79649,112.036713
2020-08-27 09:07:34,2020-08-27 09:07:34,"DK0009503195",103.272835,0.2137,0.041105,-0.135188,-0.150202,176.284668,134.78649,112.036713
2020-08-27 09:07:37,2020-08-27 09:07:37,"DK0009297277",103.799993,0.2137,0.040881,-0.135723,-0.150202,176.284668,134.78649,112.036713
2020-08-27 09:07:57,2020-08-27 09:07:57,"DK0009509044",100.874434,0.213852,0.040997,-0.136781,-0.150559,176.284668,134.78649,112.036713
2020-08-27 09:09:03,2020-08-27 09:09:03,"DK0009294845",100.868494,0.213773,0.040975,-0.136181,-0.150927,176.284668,134.78649,112.036713
2020-08-27 09:10:21,2020-08-27 09:10:21,"DK0009509044",100.874434,0.212787,0.04022,-0.136974,-0.151165,176.254667,134.78649,112.036713
2020-08-27 11:08:06,2020-08-27 11:08:06,"DK0009522815",100,0.198322,0.030547,-0.146936,-0.154258,176.274669,134.78649,112.026714
2020-08-27 11:12:00,2020-08-27 11:12:00,"DK0009397069",100.100001,0.200797,0.032933,-0.146635,-0.154201,176.254667,134.78649,112.026714
2020-08-27 11:12:20,2020-08-27 11:12:20,"DK0004612108",100.430008,0.200781,0.03301,-0.146617,-0.154021,176.254667,134.78649,112.026714
2020-08-27 11:18:05,2020-08-27 11:18:05,"DK0004612298",100.310005,0.199963,0.032282,-0.14636,-0.153333,176.274669,134.78649,112.026714
2020-08-27 11:21:38,2020-08-27 11:21:38,"DK0009524431",99.274972,0.200464,0.032696,-0.146201,-0.153945,176.274669,134.79649,112.026714
2020-08-27 11:21:51,2020-08-27 11:21:51,"DK0009524431",99.274972,0.20085,0.032857,-0.146236,-0.153844,176.274669,134.79649,112.026714
2020-08-27 11:22:01,2020-08-27 11:22:01,"DK0009524431",99.274972,0.200481,0.032657,-0.146172,-0.153961,176.274669,134.79649,112.026714
2020-08-27 11:23:42,2020-08-27 11:23:42,"DK0004612884",99.274973,0.200944,0.033286,-0.14435,-0.15387,176.284668,134.79649,112.026714
2020-08-27 11:24:24,2020-08-27 11:24:24,"DK0004616281",99.225006,0.20094,0.033372,-0.143514,-0.153465,176.314668,134.806489,112.026714
2020-08-27 11:24:59,2020-08-27 11:24:59,"DK0009527293",99.225006,0.201283,0.03364,-0.144082,-0.153398,176.324669,134.806489,112.026714
2020-08-27 11:27:54,2020-08-27 11:27:54,"DK0009398976",97.075016,0.201317,0.033369,-0.144288,-0.153422,176.324669,134.806489,112.026714
2020-08-27 11:29:38,2020-08-27 11:29:38,"DK0002041532",100.360001,0.201847,0.034207,-0.144132,-0.153715,176.324669,134.806489,112.026714
2020-08-27 11:30:59,2020-08-27 11:30:59,"DK0009286825",101.458696,0.201689,0.033966,-0.144066,-0.153336,176.314668,134.79649,112.026714
2020-08-27 11:32:21,2020-08-27 11:32:21,"DK0009286825",101.458696,0.201914,0.03426,-0.144119,-0.152956,176.314668,134.79649,112.026714
2020-08-27 11:33:31,2020-08-27 11:33:31,"DK0004612454",100,0.202102,0.034588,-0.144278,-0.152812,176.314668,134.806489,112.026714
2020-08-27 11:35:58,2020-08-27 11:35:58,"DK0004612884",99.274973,0.2012,0.033493,-0.145039,-0.153476,176.314668,134.79649,112.026714
2020-08-27 11:43:38,2020-08-27 11:43:38,"DK0009399941",99.250006,0.202265,0.034321,-0.143695,-0.153186,176.314668,134.79649,112.026714
2020-08-27 11:44:59,2020-08-27 11:44:59,"DK0009399941",99.250006,0.201816,0.034006,-0.143909,-0.153028,176.324669,134.79649,112.026714
2020-08-27 11:45:28,2020-08-27 11:45:28,"DK0004616018",98.424971,0.201736,0.034111,-0.143901,-0.152763,176.294668,134.806489,112.026714
2020-08-27 11:45:29,2020-08-27 11:45:29,"DK0004613189",96.850018,0.201736,0.033977,-0.143901,-0.152626,176.294668,134.79649,112.026714
2020-08-27 11:45:30,2020-08-27 11:45:30,"DK0009525081",96.850013,0.201736,0.033977,-0.143901,-0.152626,176.294668,134.79649,112.026714
2020-08-27 11:45:32,2020-08-27 11:45:32,"DK0009527376",98.424971,0.201571,0.034088,-0.143901,-0.152626,176.294668,134.79649,112.026714
2020-08-27 11:46:25,2020-08-27 11:46:25,"DK0009396681",102.074993,0.20178,0.03392,-0.14397,-0.152978,176.314668,134.78649,112.026714
2020-08-27 11:46:56,2020-08-27 11:46:56,"DK0009522302",100.135945,0.202059,0.034299,-0.143934,-0.152978,176.314668,134.78649,112.026714
2020-08-27 11:51:33,2020-08-27 11:51:33,"DK0009397739",99.399972,0.20267,0.03507,-0.142678,-0.153477,176.284668,134.78649,112.026714
2020-08-27 11:52:11,2020-08-27 11:52:11,"DK0009397739",99.399972,0.20282,0.035196,-0.142055,-0.152602,176.284668,134.78649,112.026714
2020-08-27 11:52:59,2020-08-27 11:52:59,"DK0009397739",99.399972,0.201832,0.034119,-0.143565,-0.152968,176.284668,134.78649,112.026714
2020-08-27 12:02:54,2020-08-27 12:02:54,"DK0002041532",100.360001,0.202653,0.035001,-0.142719,-0.153151,176.274669,134.79649,112.026714
2020-08-27 12:03:02,2020-08-27 12:03:02,"DK0009798647",103.85,0.202128,0.034614,-0.143407,-0.153099,176.284668,134.79649,112.026714
2020-08-27 12:04:16,2020-08-27 12:04:16,"DK0002044205",100.549998,0.201918,0.034391,-0.144059,-0.153318,176.284668,134.806489,112.026714
2020-08-27 12:04:37,2020-08-27 12:04:37,"DK0009396764",100.549998,0.202026,0.034421,-0.143874,-0.152707,176.284668,134.806489,112.026714
2020-08-27 12:04:50,2020-08-27 12:04:50,"DK0009396764",100.549998,0.202063,0.034382,-0.143764,-0.152427,176.284668,134.806489,112.026714
2020-08-27 12:07:33,2020-08-27 12:07:33,"DK0002044205",100.549998,0.200914,0.033241,-0.144092,-0.153968,176.284668,134.806489,112.026714
2020-08-27 12:08:46,2020-08-27 12:08:46,"DK0009392508",100.389999,0.201973,0.034437,-0.143542,-0.153443,176.294668,134.806489,112.026714
2020-08-27 12:13:26,2020-08-27 12:13:26,"DK0009503005",100.522481,0.201763,0.034199,-0.143638,-0.153475,176.274669,134.806489,112.036713
2020-08-27 12:22:49,2020-08-27 12:22:49,"DK0009527293",99.225006,0.199391,0.031728,-0.143884,-0.15457,176.354667,134.79649,112.026714
2020-08-27 12:24:59,2020-08-27 12:24:59,"DK0009527293",99.200006,0.19875,0.031116,-0.145256,-0.154408,176.314668,134.79649,112.026714
2020-08-27 12:27:38,2020-08-27 12:27:38,"DK0006340500",101.528859,0.198151,0.030476,-0.145372,-0.153923,176.284668,134.806489,112.016713
2020-08-27 12:31:41,2020-08-27 12:31:41,"DK0006342639",102.882744,0.197113,0.029441,-0.146572,-0.153702,176.294668,134.806489,112.016713
2020-08-27 12:35:07,2020-08-27 12:35:07,"DK0009524431",99.224972,0.197232,0.029715,-0.146337,-0.154238,176.254667,134.79649,112.016713
2020-08-27 12:43:20,2020-08-27 12:43:20,"DK0009522815",99.95,0.198846,0.03076,-0.146295,-0.153911,176.314668,134.806489,112.016713
2020-08-27 12:44:58,2020-08-27 12:44:58,"DK0009521841",105.160959,0.200303,0.03138,-0.145799,-0.153618,176.314668,134.806489,112.016713
2020-08-27 12:45:06,2020-08-27 12:45:06,"DK0009521841",105.160541,0.200092,0.03138,-0.146052,-0.153797,176.314668,134.806489,112.016713
2020-08-27 12:45:33,2020-08-27 12:45:33,"DK0009295065",103.604946,0.20044,0.031652,-0.146083,-0.153038,176.294668,134.79649,112.016713
2020-08-27 12:59:49,2020-08-27 12:59:49,"DK0009397499",100.270004,0.200629,0.031458,-0.144556,-0.153673,176.174669,134.756489,112.016713
2020-08-27 13:23:05,2020-08-27 13:23:05,"DK0009527376",98.474969,0.203349,0.029276,-0.14782,-0.154748,176.454667,134.836489,112.026714
2020-08-27 13:27:27,2020-08-27 13:27:27,"DK0009399008",96.175012,0.206411,0.032517,-0.146058,-0.154051,176.364668,134.826489,112.026714
2020-08-27 13:28:51,2020-08-27 13:28:51,"DK0009399008",96.175012,0.205965,0.032341,-0.146305,-0.154277,176.314668,134.836489,112.026714
2020-08-27 13:28:59,2020-08-27 13:28:59,"DK0009399008",96.175012,0.205915,0.032205,-0.146561,-0.154053,176.314668,134.836489,112.036713
2020-08-27 13:30:14,2020-08-27 13:30:14,"DK0009524357",99.025,0.20591,0.032441,-0.146326,-0.15444,176.354667,134.826489,112.026714
2020-08-27 13:34:29,2020-08-27 13:34:29,"DK0009798480",110.086316,0.207829,0.03424,-0.145421,-0.154023,176.174669,134.766489,112.036713
2020-08-27 13:38:05,2020-08-27 13:38:05,"DK0002046259",96.175012,0.206791,0.033158,-0.145354,-0.15382,176.134668,134.79649,112.036713
2020-08-27 13:38:06,2020-08-27 13:38:06,"DK0009397812",99.024989,0.206655,0.03302,-0.14526,-0.15382,176.134668,134.79649,112.036713
2020-08-27 13:40:23,2020-08-27 13:40:23,"DK0009524357",99,0.208548,0.034116,-0.144149,-0.154239,176.114668,134.79649,112.016713
2020-08-27 13:40:23,2020-08-27 13:40:23,"DK0002044635",99.050007,0.208548,0.034116,-0.144149,-0.154239,176.114668,134.79649,112.016713
2020-08-27 13:40:25,2020-08-27 13:40:25,"DK0004612967",98.999969,0.208548,0.034352,-0.144287,-0.154239,176.114668,134.79649,112.016713
2020-08-27 13:41:59,2020-08-27 13:41:59,"DK0002047307",98.424969,0.206837,0.032471,-0.145459,-0.153971,176.034668,134.756489,112.016713
2020-08-27 13:43:20,2020-08-27 13:43:20,"DK0009522815",99.95,0.20519,0.030903,-0.147204,-0.154186,175.924669,134.726489,112.016713
2020-08-27 13:43:30,2020-08-27 13:43:30,"DK0009522815",99.95,0.205666,0.031239,-0.146986,-0.154438,175.904667,134.726489,112.016713
2020-08-27 13:44:01,2020-08-27 13:44:01,"DK0009522815",99.95,0.206465,0.032062,-0.146344,-0.154365,175.884668,134.736489,112.016713
2020-08-27 13:45:16,2020-08-27 13:45:16,"DK0002044718",99.37497,0.204752,0.030331,-0.146826,-0.154525,175.864668,134.71649,112.016713
2020-08-27 13:46:04,2020-08-27 13:46:04,"DK0009524357",99,0.204175,0.02969,-0.147745,-0.154623,175.784668,134.69649,112.016713
2020-08-27 13:52:05,2020-08-27 13:52:05,"DK0002044718",99.37497,0.204834,0.030436,-0.148168,-0.154447,175.724669,134.656489,112.016713
2020-08-27 13:52:35,2020-08-27 13:52:35,"DK0009524357",99,0.20614,0.031615,-0.148194,-0.154301,175.744668,134.68649,112.016713
2020-08-27 13:54:01,2020-08-27 13:54:01,"DK0004616018",98.374969,0.209048,0.034774,-0.146157,-0.154199,175.814668,134.68649,112.006713
2020-08-27 13:54:59,2020-08-27 13:54:59,"DK0002044718",99.37497,0.211154,0.036608,-0.145046,-0.153796,175.784668,134.69649,112.006713
2020-08-27 13:55:36,2020-08-27 13:55:36,"DK0009524357",99,0.211691,0.037096,-0.142834,-0.153438,175.744668,134.68649,112.016713
2020-08-27 14:00:01,2020-08-27 14:00:01,"DK0009524357",99,0.213894,0.039542,-0.142658,-0.153679,175.774669,134.68649,112.006713
2020-08-27 14:00:57,2020-08-27 14:00:57,"DK0002044395",100.300003,0.214355,0.039967,-0.143187,-0.153032,175.794668,134.68649,112.006713
2020-08-27 14:03:44,2020-08-27 14:03:44,"DK0009524357",99,0.21346,0.037926,-0.143277,-0.153049,175.744668,134.68649,112.016713
2020-08-27 14:10:12,2020-08-27 14:10:12,"DK0009403131",98.399969,0.211269,0.035357,-0.14599,-0.153625,175.784668,134.71649,112.026714
2020-08-27 14:10:40,2020-08-27 14:10:40,"DK0009403131",98.399969,0.208941,0.033541,-0.148053,-0.15419,175.784668,134.71649,112.026714
2020-08-27 14:11:59,2020-08-27 14:11:59,"DK0009403131",98.399969,0.204504,0.029266,-0.150083,-0.156016,175.864668,134.71649,112.026714
2020-08-27 14:20:26,2020-08-27 14:20:26,"DK0002041458",100.680008,0.195845,0.02053,-0.156055,-0.159272,175.774669,134.71649,112.006713
2020-08-27 14:23:10,2020-08-27 14:23:10,"DK0009513079",102.587216,0.19852,0.023369,-0.15375,-0.158,175.724669,134.69649,112.016713
2020-08-27 14:31:59,2020-08-27 14:31:59,"DK0009522815",99.95,0.204016,0.029348,-0.14938,-0.15634,175.844668,134.69649,112.006713
2020-08-27 14:40:23,2020-08-27 14:40:23,"DK0009524357",99,0.224113,0.041942,-0.143481,-0.15434,175.784668,134.68649,112.006713
2020-08-27 14:40:23,2020-08-27 14:40:23,"DK0002044635",99.050007,0.224113,0.041942,-0.143481,-0.15434,175.784668,134.68649,112.006713
2020-08-27 15:17:34,2020-08-27 15:17:34,"DK0002044635",99.050007,0.239848,0.061322,-0.131576,-0.152107,175.464668,134.60649,112.006713
2020-08-27 10:56:55,2020-08-27 10:56:55,"DK0004615630",100.700005,0.195141,0.028,-0.14801,-0.154399,176.214668,134.766489,112.026714
2020-08-27 10:57:01,2020-08-27 10:57:01,"DK0009515017",102.274994,0.194916,0.027718,-0.148148,-0.154625,176.214668,134.766489,112.026714
2020-08-27 11:04:59,2020-08-27 11:04:59,"DK0009527103",98.274979,0.198561,0.030965,-0.146474,-0.154702,176.254667,134.78649,112.026714
2020-08-27 11:06:26,2020-08-27 11:06:26,"DK0009286825",101.458696,0.197605,0.03001,-0.147224,-0.154706,176.244668,134.78649,112.026714
2020-08-27 11:07:21,2020-08-27 11:07:21,"DK0004613189",96.850018,0.197766,0.029857,-0.147336,-0.15384,176.274669,134.78649,112.026714
2020-08-27 11:07:58,2020-08-27 11:07:58,"DK0009522815",100,0.198573,0.030759,-0.146798,-0.154258,176.274669,134.78649,112.026714
2020-08-27 11:07:59,2020-08-27 11:07:59,"DK0009294928",102.245346,0.198457,0.030759,-0.146798,-0.154258,176.274669,134.78649,112.026714
2020-08-28 09:38:36,2020-08-28 09:38:36,"DK0009391021",103.56744,0.293603,0.099752,-0.108831,-0.139838,175.514478,134.646489,112.006713
2020-08-28 09:44:05,2020-08-28 09:44:05,"DK0009522815",99.725,0.290837,0.096982,-0.110089,-0.140488,175.474478,134.656489,112.006713
2020-08-28 09:50:00,2020-08-28 09:50:00,"DK0009524357",98.775,0.284058,0.096641,-0.11214,-0.140657,175.514478,134.656489,112.006713
2020-08-28 09:50:53,2020-08-28 09:50:53,"DK0009510562",100.060005,0.283786,0.096277,-0.112348,-0.141152,175.514478,134.656489,112.006713
2020-08-28 10:22:22,2020-08-28 10:22:22,"DK0009818189",100.42189,0.285106,0.09028,-0.116846,-0.141677,175.544478,134.666489,112.006713
2020-08-28 10:24:59,2020-08-28 10:24:59,"DK0009522815",99.725,0.286505,0.091804,-0.114988,-0.140516,175.554479,134.666489,112.006713
2020-08-28 10:26:16,2020-08-28 10:26:16,"DK0009818189",100.42189,0.286556,0.091684,-0.114364,-0.139567,175.544478,134.646489,112.006713
2020-08-28 10:30:00,2020-08-28 10:30:00,"DK0009818189",100.42189,0.283319,0.08844,-0.116609,-0.140208,175.524478,134.656489,112.016713
